feature,VIF
PPTAVG_BASIN,2.331222364980696
RH_BASIN,1.2303753497871668
WDMAX_BASIN,1.559303791777392
GEOL_REEDBUSH_DOM_ultramafic,1.1740408852822686
TOPWET,1.3945850658040595
