feature,VIF
DRAIN_SQKM,3.0776050186372723
WD_BASIN,1.4280815356303664
STOR_NID_2009,1.1368252210466192
POWER_SUM_MW,2.832993564697866
ELEV_MEAN_M_BASIN,1.101765595459126
ASPECT_DEGREES,1.1805804619982931
TS_NLCD_41,1.2167660280716057
