feature,VIF
PPTAVG_BASIN,1.6181786109163918
SNOW_PCT_PRECIP,2.030095322725453
STRAHLER_MAX,1.359998240412666
TOPWET,2.1683191252327485
STOR_NID_2009,1.2482759316854333
HGA,2.416399892101524
HGB,4.6876539331440465
BDAVE,1.9768431104692024
WTDEPAVE,4.517270668686446
TS_NLCD_42,2.5336120282215058
TS_NLCD_43,1.8116717038662193
TS_NLCD_52,1.4734287480344688
TS_NLCD_81,1.3963466272512985
TS_NLCD_AG_SUM,2.101258144533679
