feature,VIF
BAS_COMPACTNESS,1.3140177567376783
PPTAVG_BASIN,2.133333276426973
WDMAX_BASIN,1.935667813751331
STREAMS_KM_SQ_KM,1.4976782038597782
TOPWET,3.996983641781501
STOR_NID_2009,1.1978131112251245
ELEV_MEAN_M_BASIN,1.4615966807889842
SLOPE_PCT,3.624474949534512
TS_NLCD_41,1.7743041290476582
