feature,VIF
Comp0,1.0
Comp2,1.0000000000000002
Comp3,1.0
Comp4,1.0
Comp5,0.9999999999999998
Comp6,1.0
Comp7,1.0000000000000002
Comp9,1.0
Comp10,1.0
Comp11,1.0
Comp12,1.0
Comp13,0.9999999999999998
Comp14,1.0000000000000002
Comp16,1.0
Comp18,1.0
Comp21,1.0
Comp22,1.0
Comp23,1.0000000000000002
Comp24,1.0
Comp26,1.0
Comp27,1.0
Comp29,1.0
Comp30,1.0
