feature,VIF
BAS_COMPACTNESS,1.1206972015507901
PPTAVG_BASIN,2.319283744929475
RH_BASIN,2.6584459420507054
WDMAX_BASIN,4.293211493451423
SNOW_PCT_PRECIP,4.761579872424818
DDENS_2009,1.2234931866887078
MINING92_PCT,2.213940261089051
HGD,1.555845122058907
WTDEPAVE,1.63358113107131
CLAYAVE,1.976658995430961
ASPECT_DEGREES,1.1939609569223006
TS_NLCD_11,1.2531723337075544
TS_NLCD_31,2.3862525979627645
TS_NLCD_imperv,1.1203921001629416
