feature,VIF
Comp0,1.0
Comp1,1.0000000000000002
Comp3,1.0
Comp5,1.0000000000000002
Comp7,1.0
