feature,VIF
PPTAVG_BASIN,1.3951626225021094
WDMIN_BASIN,1.2182957557107041
TS_NLCD_52,1.1603860671752995
TS_NLCD_71,1.3806092930312133
