feature,VIF
DRAIN_SQKM,1.1623407501771967
T_AVG_BASIN,1.14954523420553
STREAMS_KM_SQ_KM,1.2249812885745686
ROCKDEPAVE,1.2767308166012956
TS_NLCD_24,1.2270086787597922
TS_NLCD_90,1.2022390284312825
