feature,VIF
PPTAVG_BASIN,1.278504576258717
WDMIN_BASIN,1.302400965526566
TS_NLCD_22,1.0805406910658366
